*****************************Welcome in Employee payroll service database*****************

UC1 // Created a database of payroll service.

mysql> CREATE DATABASE payroll_service;		# It is use to create a databae.
Query OK, 1 row affected (0.12 sec)

mysql> show databases;				# It is use to show the database.	
+--------------------+
| Database           |
+--------------------+
| information_schema |
| mysql              |
| payroll_service    |
| performance_schema |
| sys                |
+--------------------+
5 rows in set (0.10 sec)

mysql> use payroll_service;			# It is use to Choose the database.
Database changed
mysql> SELECT DATABASE();			# It is use the select the paticular database.
+-----------------+
| DATABASE()      |
+-----------------+
| payroll_service |
+-----------------+
1 row in set (0.00 sec)

UC2 // Create a table of employee payroll

mysql> CREATE TABLE employee_payroll		# It is use to create a tablein the database
    -> (
    -> id       INT unsigned NOT NULL AUTO_INCREMENT,
    -> name     VARCHAR (100) NOT NULL,
    -> salary   Double NOT NULL,
    -> start    Date NOT NULL,
    -> PRIMARY KEY  (id)			# Primary key is use to Create a id as a unique.
    -> );
Query OK, 0 rows affected (1.74 sec)

mysql> DESCRIBE employee_payroll;		# It is use to display the table.
+--------+--------------+------+-----+---------+----------------+
| Field  | Type         | Null | Key | Default | Extra          |
+--------+--------------+------+-----+---------+----------------+
| id     | int unsigned | NO   | PRI | NULL    | auto_increment |
| name   | varchar(100) | NO   |     | NULL    |                |
| salary | double       | NO   |     | NULL    |                |
| start  | date         | NO   |     | NULL    |                |
+--------+--------------+------+-----+---------+----------------+
4 rows in set (0.17 sec)

UC3 // Insert the data into the employee payroll table.

mysql> INSERT INTO employee_payroll(name, salary, start) VALUES  	# It is use to insert the data into the table.
    -> ( 'Bill', 100000.00,'2018-01-03' ),
    -> ( 'Terisa', 200000.00, '2019-11-13' ),
    -> ( 'Charile', 300000.00, '2020-02-21' );
Query OK, 3 rows affected (0.15 sec)
Records: 3  Duplicates: 0  Warnings: 0

mysql> SELECT * FROM employee_payroll;			# It is use to retrive the data from the table.
+----+---------+--------+------------+
| id | name    | salary | start      |
+----+---------+--------+------------+
|  6 | Bill    | 100000 | 2018-01-03 |
|  7 | Terisa  | 200000 | 2019-11-13 |
|  8 | Charile | 300000 | 2020-02-21 |
+----+---------+--------+------------+
3 rows in set (0.00 sec)